	expected_Conserved_Drosophila_melanogaster_Drosophila_simulans	observed_Conserved_Drosophila_melanogaster_Drosophila_simulans	Type
AC	0.0	0	Polar-nonPolar
AD	852.706532651378	808	Acidic-nonPolar
AE	773.5310229744853	1153	Acidic-nonPolar
AF	0.0	0	nonPolar-nonPolar
AG	1182.639968205608	2513	nonPolar-nonPolar
AH	0.0	0	Basic-nonPolar
AI	0.0	0	nonPolar-nonPolar
AK	0.0	0	Basic-nonPolar
AL	0.0	0	nonPolar-nonPolar
AM	0.0	0	nonPolar-nonPolar
AN	0.0	0	Polar-nonPolar
AP	1113.6545661751625	2048	nonPolar-nonPolar
AQ	0.0	0	Polar-nonPolar
AR	0.0	0	Basic-nonPolar
AS	1113.5363712757153	3802	Polar-nonPolar
AT	4383.934891575464	5178	Polar-nonPolar
AV	4523.287482062916	3992	nonPolar-nonPolar
AW	0.0	0	nonPolar-nonPolar
AY	0.0	0	Polar-nonPolar
CD	0.0	0	Acidic-Polar
CE	0.0	0	Acidic-Polar
CF	478.3500560216025	209	Polar-nonPolar
CG	524.3436005913114	301	Polar-nonPolar
CH	0.0	0	Basic-Polar
CI	0.0	0	Polar-nonPolar
CK	0.0	0	Basic-Polar
CL	0.0	0	Polar-nonPolar
CM	0.0	0	Polar-nonPolar
CN	0.0	0	Polar-Polar
CP	0.0	0	Polar-nonPolar
CQ	0.0	0	Polar-Polar
CR	1531.3228000242184	273	Basic-Polar
CS	759.6118013925299	929	Polar-Polar
CT	0.0	0	Polar-Polar
CV	0.0	0	Polar-nonPolar
CW	356.46375857234347	100	Polar-nonPolar
CY	1616.7879178389771	257	Polar-Polar
DE	2010.8296616261746	6326	Acidic-Acidic
DF	0.0	0	Acidic-nonPolar
DG	3014.7363131240263	1260	Acidic-nonPolar
DH	702.3360676420388	339	Acidic-Basic
DI	0.0	0	Acidic-nonPolar
DK	0.0	0	Acidic-Basic
DL	0.0	0	Acidic-nonPolar
DM	0.0	0	Acidic-nonPolar
DN	3339.5440386855803	2218	Acidic-Polar
DP	0.0	0	Acidic-nonPolar
DQ	0.0	0	Acidic-Polar
DR	0.0	0	Acidic-Basic
DS	0.0	0	Acidic-Polar
DT	0.0	0	Acidic-Polar
DV	566.7556932706242	446	Acidic-nonPolar
DW	0.0	0	Acidic-nonPolar
DY	760.0343173534263	216	Acidic-Polar
EF	0.0	0	Acidic-nonPolar
EG	2815.8592828795313	1295	Acidic-nonPolar
EH	0.0	0	Acidic-Basic
EI	0.0	0	Acidic-nonPolar
EK	4112.570680535104	2080	Acidic-Basic
EL	0.0	0	Acidic-nonPolar
EM	0.0	0	Acidic-nonPolar
EN	0.0	0	Acidic-Polar
EP	0.0	0	Acidic-nonPolar
EQ	1022.3526339613672	2056	Acidic-Polar
ER	0.0	0	Acidic-Basic
ES	0.0	0	Acidic-Polar
ET	0.0	0	Acidic-Polar
EV	728.771029936874	738	Acidic-nonPolar
EW	0.0	0	Acidic-nonPolar
EY	0.0	0	Acidic-Polar
FG	0.0	0	nonPolar-nonPolar
FH	0.0	0	Basic-nonPolar
FI	560.9259686791256	504	nonPolar-nonPolar
FK	0.0	0	Basic-nonPolar
FL	3022.3949306376912	1811	nonPolar-nonPolar
FM	0.0	0	nonPolar-nonPolar
FN	0.0	0	Polar-nonPolar
FP	0.0	0	nonPolar-nonPolar
FQ	0.0	0	Polar-nonPolar
FR	0.0	0	Basic-nonPolar
FS	2089.7133182291873	553	Polar-nonPolar
FT	0.0	0	Polar-nonPolar
FV	541.1484402209488	377	nonPolar-nonPolar
FW	0.0	0	nonPolar-nonPolar
FY	488.17490044191715	1293	Polar-nonPolar
GH	0.0	0	Basic-nonPolar
GI	0.0	0	nonPolar-nonPolar
GK	0.0	0	Basic-nonPolar
GL	0.0	0	nonPolar-nonPolar
GM	0.0	0	nonPolar-nonPolar
GN	0.0	0	Polar-nonPolar
GP	0.0	0	nonPolar-nonPolar
GQ	0.0	0	Polar-nonPolar
GR	2086.084483492449	822	Basic-nonPolar
GS	2350.7882146860584	2181	Polar-nonPolar
GT	0.0	0	Polar-nonPolar
GV	1072.7315114841585	971	nonPolar-nonPolar
GW	129.5926557121423	39	nonPolar-nonPolar
GY	0.0	0	Polar-nonPolar
HI	0.0	0	Basic-nonPolar
HK	0.0	0	Basic-Basic
HL	365.2460141025329	424	Basic-nonPolar
HM	0.0	0	Basic-nonPolar
HN	617.7549432717904	1130	Basic-Polar
HP	432.05121520748264	430	Basic-nonPolar
HQ	1333.6443968298013	2568	Basic-Polar
HR	1765.7269777334895	794	Basic-Basic
HS	0.0	0	Basic-Polar
HT	0.0	0	Basic-Polar
HV	0.0	0	Basic-nonPolar
HW	0.0	0	Basic-nonPolar
HY	1898.2106593074855	845	Basic-Polar
IK	201.2977671412952	258	Basic-nonPolar
IL	816.614213985204	2086	nonPolar-nonPolar
IM	1964.474062329969	1756	nonPolar-nonPolar
IN	629.2809551106849	576	Polar-nonPolar
IP	0.0	0	nonPolar-nonPolar
IQ	0.0	0	Polar-nonPolar
IR	133.1728545602738	133	Basic-nonPolar
IS	629.4614698688363	537	Polar-nonPolar
IT	3078.7252759676967	1656	Polar-nonPolar
IV	2711.8216499571054	4033	nonPolar-nonPolar
IW	0.0	0	nonPolar-nonPolar
IY	0.0	0	Polar-nonPolar
KL	0.0	0	Basic-nonPolar
KM	460.70767251632105	437	Basic-nonPolar
KN	1777.8354249465353	2132	Basic-Polar
KP	0.0	0	Basic-nonPolar
KQ	917.8797785977584	1799	Basic-Polar
KR	2195.695221477705	2784	Basic-Basic
KS	0.0	0	Basic-Polar
KT	695.7101237847928	957	Basic-Polar
KV	0.0	0	Basic-nonPolar
KW	0.0	0	Basic-nonPolar
KY	0.0	0	Basic-Polar
LM	844.9979505312672	2107	nonPolar-nonPolar
LN	0.0	0	Polar-nonPolar
LP	4140.944637323664	1134	nonPolar-nonPolar
LQ	716.3735870307557	1037	Polar-nonPolar
LR	1004.0641607587435	537	Basic-nonPolar
LS	1518.1411138531428	1066	Polar-nonPolar
LT	0.0	0	Polar-nonPolar
LV	1690.1358828559141	2760	nonPolar-nonPolar
LW	238.91056698300704	138	nonPolar-nonPolar
LY	0.0	0	Polar-nonPolar
MN	0.0	0	Polar-nonPolar
MP	0.0	0	nonPolar-nonPolar
MQ	0.0	0	Polar-nonPolar
MR	254.95655749856718	155	Basic-nonPolar
MS	0.0	0	Polar-nonPolar
MT	1264.3044645235454	611	Polar-nonPolar
MV	1767.501942909587	1099	nonPolar-nonPolar
MW	0.0	0	nonPolar-nonPolar
MY	0.0	0	Polar-nonPolar
NP	0.0	0	Polar-nonPolar
NQ	0.0	0	Polar-Polar
NR	0.0	0	Basic-Polar
NS	2568.483645906766	3490	Polar-Polar
NT	657.7055916698921	1503	Polar-Polar
NV	0.0	0	Polar-nonPolar
NW	0.0	0	Polar-nonPolar
NY	557.5756508207489	381	Polar-Polar
PQ	666.919950822098	1183	Polar-nonPolar
PR	848.0672349026057	382	Basic-nonPolar
PS	3425.6650226245865	2899	Polar-nonPolar
PT	928.139869251198	1564	Polar-nonPolar
PV	0.0	0	nonPolar-nonPolar
PW	0.0	0	nonPolar-nonPolar
PY	0.0	0	Polar-nonPolar
QR	2183.8399668528173	1332	Basic-Polar
QS	0.0	0	Polar-Polar
QT	0.0	0	Polar-Polar
QV	0.0	0	Polar-nonPolar
QW	0.0	0	Polar-nonPolar
QY	0.0	0	Polar-Polar
RS	1223.4259708426644	1125	Basic-Polar
RT	327.3745619612093	370	Basic-Polar
RV	0.0	0	Basic-nonPolar
RW	757.173555742361	113	Basic-nonPolar
RY	0.0	0	Basic-Polar
ST	1317.1698903204785	5138	Polar-Polar
SV	0.0	0	Polar-nonPolar
SW	232.40654769531267	70	Polar-nonPolar
SY	481.8960876621513	250	Polar-Polar
TV	0.0	0	Polar-nonPolar
TW	0.0	0	Polar-nonPolar
TY	0.0	0	Polar-Polar
VW	0.0	0	nonPolar-nonPolar
VY	0.0	0	Polar-nonPolar
WY	0.0	0	Polar-nonPolar
