Alignment	Hits
Perf	6268
FL	26
AT	39
ST	28
GS	15
PS	31
AV	15
KR	20
AE	10
AR	3
FV	9
IT	12
RS	11
QS	3
ES	5
IN	12
EQ	13
AD	6
RY	1
AS	20
LM	14
NT	5
VY	2
FS	10
MV	8
EK	29
IM	12
NS	17
RW	3
NP	1
IR	2
LR	4
PR	7
CY	6
HL	3
MT	6
AP	14
RT	8
KV	1
IS	5
PQ	12
EM	1
HQ	13
DN	18
IV	25
DV	6
HY	11
EH	2
DT	1
KY	1
AH	1
LP	22
EG	19
DE	28
CR	2
DG	7
CG	1
LV	21
KN	22
AI	3
NQ	3
CI	2
HN	10
KS	5
DS	2
GV	5
QR	13
GH	1
CS	8
HR	4
SY	6
PT	18
IL	27
FI	16
GR	13
KQ	11
KW	1
DF	1
AQ	2
GW	3
GQ	2
AN	1
DL	1
AL	4
FY	8
MS	4
CF	6
GT	3
LS	11
NR	2
ER	4
AG	13
LQ	6
KM	6
EW	1
MN	1
NY	6
GK	3
DK	1
PV	2
DY	4
AM	1
GI	2
SV	5
GN	3
TV	2
DI	1
FT	1
AK	2
HS	1
CD	1
EL	2
EV	2
LY	2
AC	1
TW	1
QT	1
WY	1
NV	2
KT	4
DH	4
IK	3
LT	2
KP	1
IP	1
ET	2
PY	1
FP	1
HK	1
HP	3
QY	1
CW	3
SW	1
MW	1
MR	1
HI	1
MQ	1
EN	2
TY	1
